ward,target_pct_vunerable
00A93O0,17.030896994965232
01V40KO,22.387933208199655
01ZHVW0,7.083227183367633
028YQJX,3.670224784990964
02G8W11,-2.90264126485868
03RU77Q,19.210273697560687
0935C30,23.737585308994397
0DCE4FB,21.01318783570865
0DUEHMX,1.3330822010305567
0FTXTHP,8.570412983373433
0FXECHK,5.094853333812001
0HCX91F,3.997615869277297
0IKGARI,4.05703345030005
0JRGKQ4,6.723395701283284
0KTSEXR,2.8606502683153963
0M6MX2A,7.574334557907228
0P8S06V,41.44754296567754
0PBSOBF,14.2849526369363
0PNJX5M,1.0154193617355318
0RA7XHK,3.54789776887943
0S7C4DH,3.9095372049651047
0TRP3ER,37.14551875382062
0US7N2T,21.461389642040707
0WS5BT8,42.59680553754811
0XABPKH,43.13764377290715
0XE31PI,10.932553411580546
0Y0V3J8,23.725353815429088
0YPOXHL,23.42054055310928
0ZFUG7F,13.698312170466526
105NU2D,35.443082996107194
10OB8IW,4.541751790591878
14EYJ6K,24.675445549808657
151LFIB,6.576100222987481
17FACUG,10.4974480568814
18M5SKB,14.156674613716813
1B4JFVL,43.21462039429467
1BF4WMH,4.007245947633791
1BIEG1U,1.7450280586419993
1C2TVDR,34.72352648626237
1C48ZJ2,22.82214930649608
1CMO0Y4,4.521202447333643
1CUTFTD,34.95525555252401
1DNN5IJ,24.58134829127997
1FG5H0O,35.949938347287656
1IOYQOT,38.661287486959885
1JBNE5I,-3.4775215195179356
1LGRAYJ,11.430368821625343
1O20G6P,6.194057824497648
1PD72TN,24.338880990524245
1Q75HEP,0.4585693069732244
1RW5NMZ,-0.6102570232520961
1SZBSWT,4.0225221132804485
1U5BC3L,1.6419864618091893
1WAZ8Q0,3.761498397193378
1YE6439,4.9681677315865365
1YIF2RN,6.188126160892157
215TAPC,11.370503252213403
22DG8AR,27.488617219479025
233CS64,25.441176676283575
24JY8CX,39.311585635771415
24OX2ZO,30.266786412611005
24WYRNI,44.25715909427545
257YM8M,8.89085995345788
26I3DN0,5.6788877652103835
26RDOIK,37.54631749824124
2861T51,29.787901261007825
28FV4CA,7.3480440694397124
28XXOHY,10.029570169138605
2B8E3IA,21.124170902162298
2BFC9MJ,2.048520778559002
2D2Z50D,2.9612082063066936
2DF76GS,22.70671455003729
2EEDA3F,26.570286551274013
2FO0WKT,24.37876828210231
2H6Z1TB,37.24537511454341
2IZ2FOA,26.51806829523508
2KJIQI4,7.091070021621956
2L6Z5NV,6.740729377602204
2LDKL4U,25.82796052309713
2MDACB3,5.2147224281614015
2MQD51O,1.7651063085098997
2OAIZ4C,46.169988933676166
2OU52SS,33.080750311315484
2QKDSRB,3.0132641728096985
2R2BYQK,7.992874767575724
2RFLYH2,1.4861502338782344
2SNGXJS,16.725576432292822
2SZ6BB2,24.50224104488086
2U3Z9GM,0.7858258880109119
2VQN76H,4.849818242025719
2WJG38Y,5.223167457150314
2WN9P3F,30.70364639329145
2WNNN6R,29.724902453829284
2ZDX7JP,17.19667215688383
2ZJX6E6,26.64881761836618
3369B4X,2.6224309144363076
33AU2EF,7.676903386811567
34HQTD8,6.193118820381681
34JHI35,1.8985889602204011
37HAXAE,1.5984175798275828
38QC76K,30.850562642232994
3ARUZR4,6.753324896839931
3C8W5V6,5.550529604919031
3CAYCPX,5.817942304669128
3CI0CKX,2.3872496811580746
3D0HQS7,-3.258648043173608
3EA16E7,-1.9145120113304301
3EHDLM2,5.7746973666846415
3EXPKHN,5.681999375290079
3F2D9F0,38.96157014425533
3F9T39K,37.11932332458284
3G0G6A3,5.7399231859469815
3HJ2SJ7,3.0306454227008786
3IMSK3F,15.64364623301212
3IO8T7J,-3.1331295105771773
3K1QDO6,25.952451750731164
3PSGNSV,27.509643272793426
3PUBSAF,36.2403606641879
3Q1BEBW,36.544994196870846
3RCTMF2,9.88384887444813
3RL23LD,5.742046075098891
3VGPDZ5,38.37857500130427
3W7QZ5P,25.580439948573883
3XCKC70,4.645795195022661
3Y7OY4T,10.663770053262724
3Z7B62W,28.377020793491802
40LFOGC,45.56908995676186
40PHH7U,10.53609598332531
42DZQJA,4.9537408463539805
45AI1QH,12.67619600958841
47ICDLY,9.41420181077952
47XV4P3,23.677625072561668
485MJWX,4.494196625631638
49HVKTG,2.044965617015258
49ZGNCJ,1.9610213880344958
49ZNW7E,6.715561961782129
4D6H3V3,10.74654869233671
4DARAWK,37.10126167713946
4DBURYH,-0.2774117662443203
4IJL6PQ,-0.5386924193258764
4K01HCW,1.7991352123303912
4KVOUFG,-1.0351021075296032
4MUT93Q,2.743919044823862
4OMEQQM,4.191697058195913
4OU1J1Z,-0.28430040252491295
4QIL7U4,5.889355036797635
4RFNZ3K,7.095352996187064
4RGXG6V,34.933372951851624
4SSME9C,31.359676568652535
4SXBIRR,12.851907735342156
4TAUY40,28.895787773323896
4ULD0F5,25.265302922010797
4UUST6G,4.584002866033476
4W49QH5,15.089365658816579
4W9H5MR,28.02948078171015
4ZOI3KZ,15.807826024774059
50JGUDC,5.869918707934065
51J42OG,17.81188761296447
52P1YPZ,7.596331011000164
5404OVK,5.1522733331248105
54ILT9A,3.0211349233639453
54VKXXW,3.9744527508289877
56AJT4M,34.01536185582228
58DQFW2,5.031226027242578
59A2WAI,4.818750121683735
59W1R31,-0.0943111026000949
5CGFJF4,4.577307819280023
5EI2I07,42.27612107571973
5ELWVGE,8.791754384830544
5F2CTMZ,0.011392786435365565
5HVS35S,33.87391877490565
5JE13GA,41.813636760859595
5K5GJFJ,7.095576269752414
5KKOYMO,22.82098350954835
5L3M523,1.9278841095771782
5LVF7CU,7.563170196840989
5MM3YQB,4.109138445940509
5N0URLB,5.7349049813838135
5N6EZ1S,23.72454254312915
5S3ELYF,17.73114504710955
5TBBZQV,40.30858227245234
5WGC8R7,14.70466075738787
5WN9VZF,13.301294712067705
5Y31GRR,34.607711655921584
5YAG9SP,-2.226052041838564
62E22PQ,3.1367369883842855
652X54R,20.82947848064174
65VFJHC,-6.078344061223795
678EWN0,28.132781008921217
683T0RS,8.175215626843052
6AFF1OZ,25.020188139310697
6C3151N,5.900276710470866
6D2WD86,2.2475168771037133
6D96UPF,9.069956095722574
6EY3N45,-3.3774466065271724
6F42S01,-0.4885787608654013
6H5XB06,3.9072670624092467
6HBMUQ1,41.045600760629
6HR8849,2.940516549680936
6I2ADVC,3.258716152380977
6KA2MF9,30.171598700268635
6NY6KYD,-3.189981235230505
6O6VZL4,8.492785533454413
6OC1RD0,17.63028128840178
6PSLJ54,30.655508623276265
6QNQRT1,8.781800192134654
6RGO7XW,4.321693470898843
6S3AVBJ,10.292152207753567
6W07TP6,12.177616586928448
6WIZX7C,30.680178594999486
6WKWAXF,21.686813212755816
6WRMCTV,9.203708655056637
6XO9WKJ,3.637709555910824
6Z0AG00,-1.7869675967842014
6ZX6KZY,31.46723081632279
70QTSOC,40.14162649247357
70QWCQN,8.275134667982165
70TT5RG,31.2068855191946
722FB2E,5.9131511536883785
727BLLN,5.487934221092246
72N4VXM,30.9720154560141
72QMGGF,32.04857921719574
7376KM2,41.430291437971604
74ZW69I,28.10322662084888
75INALX,33.649984407943
7674G9Z,14.623527329565544
76PGI5C,3.075766235320323
76XL1DS,10.084672528452263
7871DQY,-0.9947670613305206
78NCRDD,36.52843235418837
7B9PJ46,38.84277372496674
7BA3P7L,4.864185519713541
7BGQBZS,31.184694046025818
7CESXKA,6.347331689950753
7EYP4G0,1.6138213581454224
7G31XF6,33.32905478060077
7H1DT0M,7.8551776933126405
7H26K3P,24.56472118301347
7HJI3YZ,5.488989268283316
7HS8XBV,11.034298926543261
7J63FDQ,5.070129041979914
7KMO5P0,22.86581283426281
7KW3SI1,1.9308908944051808
7LF7KJA,21.629343548090894
7LP4WWS,1.4005240300354416
7LR536E,28.30410883034952
7O4GI7N,7.436708958314313
7O5642F,44.024341728613095
7OGTH2F,-0.18983407246446404
7OPTXE8,0.45649928317848776
7QEL4LH,6.92683946392923
7TCN6IW,3.1035969829854437
7V98R2Q,5.464958412603128
7Y2MHA7,-0.758124162810482
7YI3CHO,4.722886092912191
7YL7D6W,17.58855341565687
7Z6YOV0,3.9720278814078043
7ZGJQ2R,-1.9033340301703205
80PSDM6,0.16900815683463577
80YBLWC,30.59876585583055
82JCYHJ,8.866670667291682
83TRY6G,5.057048748809308
88NI79C,7.2537726500870825
8CO88MA,17.368088934557584
8F9XEV0,3.101323401109731
8H1ZG4F,5.547060698500811
8H7C2ZL,29.059856791002375
8J4DMMT,3.4130742394804656
8JAW9CN,0.9153132556701209
8JIS8H6,13.83353185598698
8LYR33E,27.579092832045156
8M6KSB8,28.92384437098815
8PIZIXD,13.701110466307956
8Q4ZXKO,8.45211844252308
8RZT1QY,24.811989626945582
8TZ31BD,3.2067069136972464
8U22RRT,-5.3769270982829624
8VMATWP,6.532588158863316
8W7VAH2,16.589303419372868
8W9J3U3,-0.24939210813474233
8Z4XDBI,-0.43527622889013884
8ZSIWPM,27.201383018709645
91KR9VT,33.2057449480906
933QAGH,2.0132399340290803
95NNRDB,6.692365339863631
96MA3AF,37.07672780800367
97CLVP8,20.92642370328505
98S7F3M,25.181981334246615
99AOQGC,2.598290442814516
9AWIFKJ,36.4189835865703
9BERHOH,-0.384970778360028
9BFNNF9,7.611255650548504
9C9NGOA,4.894176977921511
9ECLL9Z,29.575579446922976
9HS5M9Z,4.260869549650714
9HTBUN6,36.83630428736897
9ISLQ60,6.89775451885404
9J02E7F,5.140125200299092
9L7B971,7.2435837225575455
9ONYDLE,4.526157591954693
9PDHCA1,38.28174181445452
9PFP18S,7.626558911076053
9RF4OHB,29.037592580099297
9RIXRTY,7.043846808744444
9T55WOP,35.64098982006545
9TGSTW6,26.566933153219907
9UNT4JY,22.746724293514188
9YGQZWQ,2.6344967140362314
A1OF2EL,11.391815579427
A29CQ8L,12.885124998298238
A5LQQ0D,2.2282146718546443
A7J2YLO,25.88396466554794
A8KQLUM,3.04023448968168
AB21C6W,16.859563223193067
AERL2RY,12.904059780645515
AEUUU5U,20.12019435420224
AG7R283,4.632645214388329
AJCA5P8,2.8978353976724733
AJFPZZZ,10.086869426072358
AJSS5A1,20.403758831165185
AKB182C,41.17489537850768
ALDWH1X,6.129162484499133
AM4T8JY,3.33376991601164
AM5E92T,5.516879291559061
APPXPKB,1.975672430851425
AQFXYE9,30.685499176086022
AS5JRV6,17.560567915464343
ATKC6E1,3.8828763171008305
ATRGY6V,2.5025307699966532
AUCA4KA,39.59820674169724
AVHWRWG,4.878611702580116
AWTEJT5,10.467856162004537
AXMPXBT,7.892324919477385
AYSTXS1,5.598947299685225
AZ4NS9X,4.23041840680726
AZK6D4H,11.676607810045663
B21VKS3,-1.183932288440488
B2V9IKE,16.805093704635524
B3NCMQS,17.52673860659393
B6975OR,4.446390694212852
B6KREXD,-1.2888287675535963
B8VHYMI,21.522187141766942
BDM72I6,26.280529673802487
BE7TGCB,45.43562206652505
BEQU1O6,3.3446015506481643
BEZN5NA,23.406102244155832
BI9LJ9F,10.118731804271839
BILX913,2.9071360889928712
BJYZ72X,2.0697757660990703
BJZYAU2,35.42903590537551
BK5HDYT,4.432555943176965
BKM3H10,26.434114238067266
BOHWVWP,29.889162920487035
BOTF02V,-5.1175171262066
BPBJ33N,28.6337557628789
BQKYO2C,-1.8886110303168806
BVMB1WZ,-1.4950138757513116
BX0I0XW,6.329890526577227
BXZ5ECW,10.382566914292084
C0J0F1P,0.9990527142816248
C30U17K,3.9106688622112173
C4CD8HR,-1.682172794863213
C5R886J,36.183745230416804
C8CSK7D,2.768292553802141
CAF3OAU,6.956536337741852
CB1QAVX,26.56260540287385
CDOQIA6,4.671119512001724
CEQ729A,28.24992314480361
CF0FDBB,30.928705185402993
CGZRMFT,-2.2844172159891585
CHGGEJ4,8.472517369246475
CI7SWQC,26.810117719182557
CKSFQXT,4.913829463647481
CMDVTUQ,28.927459612748788
CMEGM3B,5.039856293576772
CMVQOK5,9.664751966748799
CNC6RMY,6.726248387268804
CQDFDC9,35.32278103854101
CR90ZYN,8.699990236549318
CRA8AXR,36.67272138687131
CRM7XGR,28.58244286268447
CSJMN94,1.0720921793181404
CSQ8ONL,31.748594234576473
CUA2D7G,-0.9072807351934671
CVYLZ5L,5.845171374384687
CXWW04U,21.170222334185354
D4GH9YU,1.5628417282273048
D4KYOVL,3.113134967876377
D506X95,38.84177448281262
D5RMK4N,40.50478257566251
D6IG1OR,16.89836106002278
DC8TVXY,2.6418241957998774
DCNHKH1,7.7815359853912405
DCQAJD1,4.858958938728623
DD34F1L,38.869400969330044
DE427GM,2.751782053165627
DEYZCCS,24.81757809912299
DFTL7CQ,7.112198236032942
DHC5KRP,2.231026507587856
DHEVN3I,35.54982569875487
DHQ9UFQ,5.853706474882372
DK4DWMH,21.22223112420364
DK7XROB,8.617614251218939
DLB3WRH,29.855526652837224
DLG0XMA,37.852163173499505
DLRMPO2,2.6164164005448995
DMYKPR4,-2.012797461701524
DPXRQX4,3.0199160969396317
DT1A9E3,9.149050088787838
DTMHZ6T,22.527361458905368
DUCAFUH,31.44441102541918
DVTE2AN,41.86680138217408
DXL30LA,37.25697833247469
DXXUNY9,4.854587363751154
DY5YNRV,4.323812152596268
E1FC68F,11.819488515725087
E2ILHEI,4.556634096948802
E2MT71O,31.231480492778797
E2O8E0S,6.924926562730246
E4ESNDQ,18.518317262198327
E64E4F2,42.980808403445266
E8WJ4D6,3.7651712485710576
E9L6ARS,25.44489452904934
E9VZB68,25.812331766240256
EAX9J3P,4.764774095089297
EDRQNYR,3.681409263342921
EG65A2B,27.880444756639655
EGZPSVI,1.3222608797277289
EH228C3,36.161578769184125
EHCONME,14.825369523656743
EHQZ4Y4,37.92964027452795
EIO9DRQ,27.2540488904966
EJVC014,5.493550173379738
EKDFDQ7,28.412165299326933
EO8BCE9,-3.175382162008532
EP486A2,8.207178631430867
EQO0H5O,39.972809956857596
EQYUT34,7.455721279024967
EU9U747,36.541831904314094
EUCT2HM,2.635205480735216
EWWBQKS,18.407991946756113
F0XCLZ9,-1.5844120002219029
F2C382V,12.741094904514096
F4TDEO1,6.705026674285886
F4WT22B,12.355155607702535
F4X93YN,41.227644585737345
F615LRG,9.591274482463312
F6IUZUE,5.523766635803636
F8L4C24,8.901886085326169
F97GO45,14.327259004389987
FAJGHMF,0.6114271660895838
FALCTGY,13.571609075020532
FBCRMC6,29.65783136985752
FBSIOFN,4.098747407318783
FC5H2XI,3.4199992908877164
FE4YE1C,3.143104472966243
FEGUXNF,39.41249214612564
FG6RFSL,-1.1566752724038878
FH3L9HI,3.430118272154374
FL647DD,2.25439533952963
FL9EGRN,6.937750197253564
FLUBYBI,38.891820020750224
FMQPOZ2,2.270233459621366
FMVQMD6,13.222961379062301
FO9ZIP1,30.893773336102523
FP4US02,5.452159415566012
FQUA0G8,5.193940964415404
FRKT13D,-5.3113503723756
FRYE2T3,40.18292786875654
FSKQ43U,9.304076055845972
FT4FYXF,4.954701536599824
FT5NICP,3.1563795634707716
FTFBY3X,8.301858168717704
FTIG3NA,1.624935494459372
FUNSQ0P,16.336082033936034
FUTQFXD,24.391123755786737
FWL6RHB,5.819036150000642
FYGWYUA,7.982661517887728
FYTPD4G,32.2334055720202
FZYBHN0,23.13078465593832
G1IGQ85,3.4431938852003654
G2UPTB4,8.662825772551837
G351CWK,3.7490058284576904
G3WNH2P,7.727330630746646
G4DSUVR,39.296164738468676
G65EE2X,1.1247253184244812
G6PSA7A,2.2141967617195917
G7SVLIP,-5.822614040106991
G87ZFLI,41.21921034071791
GAHA6EE,37.48774669800728
GCJ2R0O,3.6789786223124423
GCR9H4I,24.910176737780432
GDESAIV,14.71304612539425
GFA2A6P,5.425054585226299
GHY7KTV,27.26787288879044
GJOSYVF,-8.167645213166118
GL8ZFZL,15.129825057140934
GLPX4S2,5.217529872202903
GM4HYV5,18.1407676215552
GNII8UH,1.9045451223993481
GR09SH6,-4.582841928405379
GRF7F86,1.7123553987918072
GS0GUX3,27.718577716602155
GSSEWG6,11.026015326570665
GVK341T,13.950738102807126
GXE9IT5,14.09086557508779
GXFDASD,30.536683552769468
GYP1U5X,-3.3398264254706973
GYZZQUR,12.934448962001014
H051PQS,5.707497976015365
H068AI4,23.86629479269149
H0BQSMC,21.154774146166055
H0CW9H7,27.074949166875886
H2BBFBM,8.2148837256317
H2FHGXX,6.781851112368486
H5ZFFVP,0.0009311523794650611
H6B0IBN,7.052205713816573
H84XHH0,4.145071094742203
H98LHW6,12.971481956382839
HAICAXI,-0.6820592032787118
HB6C2VM,6.7155780773461515
HB8UE93,20.219958352469064
HDC1SOW,15.302903538639619
HEHYAN3,6.55775831264522
HFMBQ2K,8.572541714278653
HGF3YM1,-1.1360791944914155
HJ0J8A4,1.923033414456114
HJFNQ4Z,20.513336989767055
HKJAHMJ,13.076607368548736
HN2VQUN,32.0160036135286
HNODGSZ,22.50889187733567
HO8AH09,5.3471549260892495
HOMRBI3,1.1507339426914314
HOXIMWQ,3.014623366276929
HOZAVUD,-4.205984939537899
HP6L7CU,0.24890674890617248
HP7G5SI,14.020096620373149
HPDJVKT,15.398909488739719
HPOTGMM,12.7217121229132
HS3ZUIC,1.6216539934809617
HSBI33P,1.062539997542757
HSQJD7X,0.23175818179458219
HTMSKQH,43.92910088153579
HUOBPRT,33.86121647615959
I08O4A2,5.310268470290538
I0S99NO,16.80205996357515
I1FLB1X,16.5834164418988
I30EI2M,1.0870734930904078
I5XXEP6,11.000541554718072
I64GJA9,37.353699979478954
I6CB7TV,0.16662197174134263
I6K3TX3,4.728987701874047
I7EWJKO,3.4354992749674196
I915T3L,9.639596912250749
IBG3UBW,13.362518228700658
IBRH0UK,1.7833675845725026
IBT03YF,4.796300287444151
IEEF6U2,1.6810053035179564
IERSARJ,21.686891668230626
IGRN0CD,2.32076814956158
IGYTPRV,34.27718757296393
IL6AXV2,2.4506849376065603
ILTB4TJ,28.23860812799227
INQ0595,16.548606057712334
IPJXBNX,5.498813348968717
IQ6B52M,7.103131928041169
IRJC07R,34.32626432721893
IROJ9OQ,1.6727691048458766
IS3U4NX,-2.871056509996322
ISR4UP5,-1.1411009510660008
IUF7U02,38.89814490308932
IZWTRY8,23.51015797549923
J13VWU8,7.200629238569626
J9ZC8KQ,2.4860659712038498
JA5IZI6,2.5283511183692298
JADS7KZ,4.87910924859348
JDITQLL,40.467371235178135
JDS11FP,36.816060180587534
JERFJPA,30.928688600362943
JGRAFZR,12.545475146144494
JILOBHL,11.582491618093066
JJXZ413,43.83372180233365
JK0JD5Q,-5.104798399514017
JO23YAB,27.117266681374822
JOEY6VD,5.072486725622415
JONLVA3,39.27850913565546
JOVNCCD,1.2930179053259323
JP7G0TJ,42.2815556481053
JPLEKFP,39.47173986712003
JQIKVQB,2.0502433563707854
JQLQPLT,1.4539084292751738
JRCABOC,34.01172283313021
JU7L4Z8,4.028296831081853
JVGSVUU,3.8006508427780687
JWB66T9,8.567143396230929
JWU18S5,12.105841080847899
JWUNRHJ,5.5025051368549
JXEEO4C,7.680644553473233
JZGQJ8S,7.688701362449503
K0N9P1U,6.168063431680988
K0X7GEF,11.759010023791337
K10QAFA,21.138904143188324
K1BHMVT,20.400420586769073
K1GUNP7,5.554879833688368
K2LRVIV,12.66741441211483
K41CN5K,7.153412960793645
K6RTCX4,-0.6074121217252184
K8W0QKS,31.4877936075924
KAL2K6J,17.853129510898697
KAVI2N7,3.835196176320501
KBFI436,2.4082788800490462
KDW4FH2,-1.7228259361203726
KFY6NQP,2.299919933443036
KH965L6,8.181606833878675
KHA8AKR,30.197100186627832
KHZD78Z,1.5177254236156728
KIPA1Z1,-2.1565854766637145
KL0XRM7,33.67162414376714
KMQIOPL,29.262354727945826
KNTFONZ,6.19148273102439
KOG35ZD,8.68835956234151
KR4ZVZU,4.502208094397851
KRILFSB,6.836005546977603
KT0IR8S,17.63654019398712
KT4DCML,3.297506371314441
KT4DV8U,4.343040624145445
KV9S7BO,2.5884614393857177
KYV0YPK,2.2633459622986933
KYWK5FL,5.71182849783942
KZ6HHR7,0.43998538373220697
KZ9I7G4,34.285683487812385
KZDA0TR,5.3830905168283
L14R619,-4.249690684198015
L14TI9W,-0.8334970546742895
L296CLJ,-1.4536337987337902
L2SH4Z3,2.2671304799566343
L3108JM,22.287554514060364
L3M3MP4,4.7164885141037765
L3RDZF7,40.16816413355417
L5KP644,26.692415568253683
L90MOJU,-6.804895368468273
LABCTSY,5.191894059358379
LB9DYZX,5.126763810998153
LBJ4V47,15.730790560058658
LCNON4M,12.633339178347477
LE0ZIZO,5.4498350991240265
LI27M5L,-2.919937390511272
LJ2XPP0,5.556599087595799
LJX33VY,1.4969382263693731
LN1CZWZ,20.896828577730275
LNGUZ2C,41.97591800425816
LNLWG10,2.0768370811932044
LNNL1RQ,0.17785323852317703
LOA8BK5,21.139094631491012
LOZM079,21.28144870693157
LR7MT81,19.278016303739086
LRJ3LYZ,2.0804262288686886
LTSRY8L,2.92165189832086
LU5H6KW,-4.075070169169102
LVDXGC6,4.630200414249845
LWVVA1Q,3.4165318191879805
LXFQZIP,27.29687656264911
LXQNDTB,15.56173993008148
LY89Y4W,3.2208319491942987
LYFZXE7,7.500229428436924
M0L2YZI,13.729930929178867
M0RK3DS,41.42812681355789
M3G1XV8,5.4809946166933585
M4HMED4,4.524765068019619
M8H3UGM,4.2518740865737925
MAGHREI,0.7795034114404018
MB9HM4N,1.5975451139388426
MBCPBZ6,6.168131147625111
MCHTPDO,7.88653766845027
MDDALNY,44.193774824242205
MDY5G9V,33.211801581009794
MFN67G9,3.383435003640024
MHNMH6Z,6.717518624038213
MIG763X,-5.187386765347526
MJLGMEK,5.9921135650385295
MJO75IU,1.6182965939174068
MKVHOLH,8.845558283272727
MM37PJI,14.490629934118065
MMCJPLL,17.67001350198826
MMTJANS,33.808408159626005
MN59YXM,15.959782115015908
MOC9YLU,-3.2691430438933153
MOI31TE,32.069034718977186
MQ3XADH,23.192363563320626
MSXTFXP,-0.4795686755349209
MTBC19M,11.241897177460004
MVXMSBI,0.11675143916664155
MX9JAX5,29.465611378968266
MXWBZDB,28.486635424319047
MYKRT2F,5.115560070659935
MZOQHE1,23.579462579739676
N01GIXS,4.647193259721391
N04RVND,12.832188209200375
N06USYP,23.717583448558965
N2KF0V7,2.2165781430651847
N4NLMES,5.236169256857028
N7GJMJC,-4.155996634237816
N7HHK3S,12.694448294133078
N7ZUKG2,6.574384016524437
N9T6VLM,25.985502090096396
NAYJB10,37.47990557298589
ND0JYDB,37.69959728679923
NDL8SYB,8.40557539416346
NGHQY9E,2.624851749872164
NGPVLJR,4.531276502049355
NI07H6B,32.48594272189715
NIV1PX6,2.475869855641861
NIZ8E6V,3.1404366578718026
NJBXEA9,33.16681886233306
NJCV4SV,7.103598438069543
NK25JX7,6.603993257587671
NK595I5,5.204522799348613
NKJZ0P2,2.508043710660395
NLSHK5G,9.27160991233719
NM86P1X,6.415525478044255
NMJ91KT,3.605167714094378
NMOE9MS,17.700282108609173
NMQB7KY,6.131639984640451
NOGV1OL,-0.5189409712532935
NS1NM6I,32.00469145592748
NT4Q0ZN,19.161239085325754
NTE87ZD,16.713708825642993
NU8EA7A,8.543493385580142
NUJU0CV,-0.4891876503465511
NW13DAE,29.410908729794716
NW3L55I,-2.3536799108621054
NXU1FAJ,-0.9335857397975857
NYODCCH,8.550985981705818
NYX6H0Y,-3.0875026823185365
NYY0XPX,4.698850322555838
NZJ061W,2.704420648061223
O0B0W9W,-2.0361005503162346
O2RJ5K0,5.359942531348516
O44FHVP,4.87509005076306
O54VQNV,14.155512824423298
O66E2GD,25.965176981194297
O6BUZ4X,-2.744576846146714
O72ZAMH,5.096321666140522
O8TLCHZ,-0.7941601948343191
OAJK6MW,19.580977952822117
OAUV81P,6.826022451831886
OBMXWKQ,22.058356984640994
ODNFJ1I,1.0126511090979946
OE6CHSJ,22.173112022476523
OFISK6Z,4.269933440031497
OGJCMH5,-0.5483577370527399
OHHERMF,12.810359382799678
OHRIL2J,8.324212043560514
OIIQANC,2.005821426897498
OJF3LBX,4.325342244778593
OJFDFUL,40.743975745599336
OJV6V0S,17.441832439355796
OK14ZYP,8.379559463330825
OK549UV,-2.325282823950097
OKR2Z1E,15.580404882372726
ORDQF56,6.388214565707152
OSU9FUF,3.386063009107552
OTWHFDS,5.0312852838295115
OUDIE7M,13.85569926048585
OV0H82B,3.330117571283587
OWWO3TJ,-2.3385420156520524
OY6MMSI,37.69261590262941
P01O5SE,9.199402909411347
P0AURVR,6.348109828171641
P0PNAP5,38.57412229892177
P0YRLF8,39.184113559141075
P101U1Y,17.691087356840793
P12LTXP,4.344973987536182
P50W51Q,43.455225068635656
P5DRBT5,19.702249674018216
P6FYCS3,-2.7082536050610173
P9TF6H0,33.76373517535572
PBNG5I2,6.483863265154284
PC3PTM2,2.582543240856822
PCGXFAT,35.13868955880032
PFZJUDY,5.694626328939865
PG0TUFO,-0.050703853199074445
PG8VHKY,4.838921040810941
PGYPB96,2.1904059277789827
PM9ZGVN,-5.689764381681449
PMPI904,11.577940462021896
PN2QXU4,0.8347341653936482
PN5AEJR,3.485820590080138
PNJ2S96,2.524785061173546
PPH0474,19.963735114490056
PPOUS3C,14.873074445650158
PQOZQ9W,7.8267005827206795
PR60JLQ,6.242200800648877
PUR3YEG,4.657685812039112
PUT5QUT,31.23179814075156
PUWWXS3,-0.23084195025690946
PUYBLCL,8.119597786225732
PV7EBPS,5.457742155711372
PVXKA3W,1.261076325141822
PWC55BT,45.570553759082784
PWQR8P5,40.199263099378996
PWS7UD9,2.7105299753157723
PX46FE3,0.5589842055245953
PXXEFA4,41.77886295369878
PZUN8NP,3.8432130666095787
Q1HNN28,9.293056710244482
Q1PCL13,0.7477850261093408
Q2JRIJN,33.032451153799755
Q5CFP2T,4.749475241592158
Q6143KU,6.619471313899165
Q6U5I4N,-2.4894721937654154
Q8BIIZU,5.880196452494246
QAMMRSD,27.217782309169905
QAVLQCN,8.841177937276331
QB85T37,1.4930827810921983
QBSVYYD,1.6676068751664914
QC4RN0Z,29.729467034854824
QCIILW3,29.09938921167206
QD2GE6I,6.322057981761851
QDAV94C,-2.6591358473314415
QDDDZYT,2.6732376757339225
QDPYL2U,3.3144247906037734
QFG60LS,0.7360079526283982
QGCAKZ6,24.016001136034333
QH706K1,35.16548356631785
QJWTY2B,9.45708623409758
QL9SLDS,2.659629956483357
QLFK8BS,6.264651892477698
QN3PKLF,31.393029789733973
QOEBOR8,35.15525945627963
QRT7KJF,6.087024912430291
QYE25PI,29.481452327043623
R0XEUCT,3.520843050209372
R3H5L23,23.823221437932222
R48DF2L,5.00739556479423
R5927WW,-1.2079969167824416
R6LT29V,1.2622674633511366
R8YU11R,8.719074553645331
R979NJ6,0.2578908284468966
RBAQOFV,4.485946621917105
RBHGOKY,0.014274317510853507
RCQGWY3,3.9697892705994846
RDG6JOX,26.57796036712591
RE3QZSQ,13.535077424747822
RG750W1,34.52139680987719
RHK3W5P,28.316835458900552
RHTASON,8.333058273756553
RIA9L1X,2.454215903288784
RIWAT3Q,7.703364236314304
RJN1OGL,7.414622206414638
RKRR2HK,25.229418825209912
RKX72I7,2.7232579797587064
RQ18H79,6.398573859667721
RQ1U4BU,2.543483701209226
RQID34P,-1.1910328144616713
RS6CKPN,-3.3963400820032206
RV6TP2Y,6.61091955951041
RWWNTNS,24.326551583729522
RX0JEQP,17.871755741510743
RX6KMNP,12.56719154412757
RXPYHF3,3.5204784260024553
RYFH3P3,21.36836113021445
S0Y29Q5,5.228977395630576
S2L6QF0,-1.7524226150427182
S2Y87VX,26.03261877603277
S4ZYSZU,24.29376179469064
S99UBPA,3.4535925780853347
SBR1I5B,17.72832640351635
SBYNJPC,40.794434146936304
SCLUFL4,28.700721320277943
SCMB4HS,6.307864108687141
SDHV2E2,2.769473331376034
SDLC84L,-0.3248016435151868
SFW9WE4,44.13266922274025
SHKI70P,-6.534296078578336
SHVSINU,18.388413088188063
SISXQO1,7.21003331226391
SK239FE,1.9156092801724398
SLWT623,14.492060259177695
SOWKV4B,4.834412446334753
SQY1S3T,-2.1386648887419994
SRML5XX,32.76091864551741
SSEAUO8,14.380674300334096
ST21GGG,2.256896617013929
STSE3UQ,3.534861464463276
SUO3D2H,25.067428603863636
SWFDSHK,7.1255300341865535
SWKZV33,3.564543677450935
SXSHSV4,42.195395133988946
SYOY7YP,21.193663978422926
SZYVVAJ,2.3640120073610333
T16HRPB,42.31417626588942
T3FQ1IO,4.88066243260862
T550RFY,34.263247876456134
T6GPZ9H,-4.506580887483771
T76P2C4,10.16354735912946
T87F8W7,-3.4279966319232997
T91IVRT,7.731314609331111
T9DMXO7,5.244277804147565
TA0D4P0,0.4271971257882754
TA8ZG38,28.00374152964945
TAHVMK0,6.086096430016433
TB7TL8P,2.305258513729285
TCUK28W,34.58450788228592
TD4M9IK,10.33051656890164
TDAXQX1,6.414547433985327
TE59SSX,8.596587426947806
TGOMFD8,4.868530402812166
TH952D6,-1.1975306700184234
TI0U4IY,36.64830261507197
TJ40R7Z,21.019159977184042
TKML29Z,2.637938794749104
TKY534E,3.817546704395369
TLBPRJT,1.4205130708719977
TLRP1RN,4.957145151765761
TM2BCK1,32.270194976924124
TNDL3KQ,32.23330056096032
TOC5EQQ,5.526747699609814
TOM8OZI,0.4212830825423026
TORWZ2S,13.723893787977499
TPQ42FD,4.450441600968745
TQK8SE6,4.292628871514328
TS6ARCC,8.106526814334561
TSIHOGS,23.4139931464022
TSSOEEC,2.4295938302994315
TV0NYBT,30.362783532554502
TVCIMNO,4.396341191247661
U26ISD7,-0.898683856361103
U3KWRHP,20.428041101631706
U7CE78T,33.13267705247266
U7OFXYN,21.903960446660705
UCERMV9,1.984606130004643
UDRXCVI,8.754809283886996
UDVPP7H,38.40670493242784
UDVQQGH,3.345974647344029
UEMFQN8,33.61902378592296
UEPBGEN,22.793261855199376
UFQYCD6,38.92762599078077
UG4033A,5.110356854658491
UGBKXR4,-9.486668438546808
UHH0JMJ,30.89579098669819
UII41SH,1.0094285591792698
UJHDJHG,33.755723706895445
UJUYOLI,4.885225678613644
UKFHU8P,15.08917212178633
ULKCFXQ,-2.6341248082639765
UMXNA7S,6.450978360620429
UNXLCFA,-5.423302047215834
UOTYB4Z,6.26949679219825
UPLYPDZ,25.570245588113394
URDFM9C,-1.4850817416250024
UUYQ8U8,-4.232435913667935
UWC9O6R,-5.527624304593651
V17SWCB,5.845413323839516
V4AG3BZ,30.596318714703237
V4TGYUD,6.3469613471425745
V55FAD9,-8.242524249496668
V6J7H8M,4.427131246894476
V6KT9YF,3.341272801655485
V72HTL3,1.646339160817881
V7M38SK,0.3350288637116492
V82OVOR,9.639493541861043
V8CR93T,3.7329873991631146
V8JIS8T,4.209381249567016
V9AFHQD,17.567444929270835
VA2T7KX,-0.5155673584411744
VBABIFF,5.709657223489387
VCGV5PO,7.365682464903429
VCOS60V,15.345947655146677
VGIYTG8,2.8885143101617174
VIYJ2S1,21.10316532895515
VJ4J06X,35.98185819484776
VKEJEZ4,8.028307156011593
VKLQ39V,-3.6349496292878243
VLTLL4G,9.131682365937564
VLYY49A,1.3127060669146289
VQUNXHA,-0.6739519283380346
VSI7BPX,28.91574115256683
VSNMUB5,13.66595139415039
VTI2CHZ,29.2629854549552
VTYXS93,15.737294440208931
VUBGIAF,-0.9485598279110761
VUO6R2Z,4.713676302534534
VWCFGYF,8.072505776325936
VXNG30P,22.384444408073914
VYMVWT9,13.342733494097018
VYNVAPY,26.6255283673924
VYWR87L,7.7745047300909995
VZEPXPG,19.47328905830374
VZICCTI,7.686010184353449
W0CNP79,3.2725773581788715
W2Z6J2Z,31.25074764928818
W5T6T2N,33.80896997394451
W6VEMPQ,22.036137679405883
W7R3LVZ,2.4301543394504606
W9AWQ4O,-6.885187584797983
W9YLEKZ,4.674280980808248
WBPJA6G,2.9841188592600147
WBVEPDT,-2.2527363184645637
WG31KFR,8.88214634631587
WG7DVB6,34.15570118182114
WGWWSS0,22.966398472559884
WJHOBLB,37.28834911663509
WL27YXX,6.397079491975443
WN4C63S,4.705311952624928
WQ4CH8P,-0.2615647738578133
WQ4YJXP,6.57360695555295
WUSOYJK,7.351116989607473
WV0SZOG,-1.7898279022452428
X11R9DJ,6.6276914844352
X2FJEJ4,26.07720480633585
X55EOMC,0.8936097420208
X73JLGE,-1.4979317633964015
X7K5LU8,4.0495808599123535
X9G3F3Z,21.959152929015524
XA2NBUP,19.078149005873062
XAZ35LW,2.06501494149542
XC8ETQL,25.470858790074047
XDHC6GG,42.3254020386429
XHQI8KL,43.61291532435589
XIIGZTS,41.65788200871238
XJRGZRJ,3.12971321770884
XM7IJ8L,-9.374069149808065
XT6TNAN,33.05597068069132
XT7CRZU,7.212521102203226
XU5DGS2,5.898749407371266
XU9XIXF,12.604968386908023
XVZ2RIL,4.154249631217315
XW1490D,25.13450354118541
Y1119PM,-0.12204402852368901
Y1M2G3O,1.8108527443948006
Y2V57FE,20.117717582597017
Y3AKS6U,-0.014648555246616013
Y3W7VYK,-1.179970036018318
Y4VZQZF,3.473587648360173
Y5EMJGV,3.5877149339485257
Y7G7PMW,5.935342031497466
Y80ASGS,37.453438134609165
Y8LZQKT,-0.3658764390388285
Y8Y08IC,2.79441197584098
Y9EHU0R,37.46453106416801
YAKYSNG,7.542059881109893
YCMP3TK,5.354705478681694
YDL00PC,2.032046017499148
YE0GB1U,14.403149331865738
YEZMCKP,1.9092792971161927
YF7VZYM,12.285297198004361
YFO7J6P,1.9645790106291443
YHX5E97,26.911008994318074
YJ5CIHU,7.1005612646518514
YJFF28O,36.173099306405064
YJLAFIK,12.60307914576762
YJTJ3L0,16.42411010791244
YLM1PNU,26.414685676886236
YMPLAGW,40.75579778084102
YN8E8G6,5.734227839661106
YNH3CWY,-0.09384626075946301
YO2YZY4,34.11475126142562
YORBIHJ,27.3575075291207
YQ3FRP1,24.290166400341647
YQU7L9F,5.464942946597759
YV20EMP,31.339404372194146
YV2IUYV,11.076867869859502
YXAANFN,2.101831223949908
YXK58V3,22.064197588074258
YXLBNNQ,-4.810999462118978
YXLY3B3,0.8287748836727289
YZ5ZC6D,32.768289651835346
YZ8PFXZ,0.7106896388267785
Z1A2M3S,3.963993730428548
Z37PQTQ,8.562754651266253
Z51GAXD,3.0946592423990538
Z6JMNCM,14.454446552160288
Z792KK0,37.93011704620328
Z9C6CFV,32.914541433486704
ZAOFFCZ,14.545116764571013
ZCIA93Q,34.99139394766297
ZDJMCKC,32.226561916544576
ZFB9S4P,9.012008111645038
ZFM74S5,8.6033785087626
ZH2B8CW,5.943044738383339
ZHXKN8M,31.784046339324753
ZHY9YK1,17.572498510105465
ZLVOYMA,29.43633741799783
ZM60DUE,3.049291332337148
ZMIUDEL,32.714180633784316
ZMNMD3T,34.058602820901235
ZNEIOE5,20.3049507845342
ZNKN081,8.155242330656876
ZO1LB7F,6.112745246321715
ZPENM3F,2.5698426114743285
ZPMPL47,4.3352881907333405
ZQFMQVU,30.683278442556144
ZRAHMG2,-0.24392186833424034
ZS0Z900,33.412102940134034
ZSNE8SY,4.4646817308274755
ZUX503E,2.7320151599710627
ZV3KA4K,29.950517501709555
ZV99Z7P,2.9280925945880654
ZVO9F7A,7.198297851607027
ZVVA1LV,5.512230244276584
ZXHN2A8,4.837935085523057
